Type,time,mean,median,upper,lower,rate,year
eDCC8,0,946103.854,547170.362,3956565.4,53714.4148,0.000133638,2020
eDCC8,3588.79322,3325403.3,2861798.1,8064310.54,1274265.532,0.000133638,2019.520401
eDCC8,7177.58644,3856026.78,3325980.06,9530397.92,1467171.462,0.000133638,2019.040801
eDCC8,10766.3797,3787199.66,3244686.98,9529093.56,1150413.992,0.000133638,2018.561202
eDCC8,14355.1729,3548040.28,3079526.74,8841164.66,879096.87,0.000133638,2018.081602
eDCC8,17943.9661,3300587.4,2869768.26,8330828.22,782510.06,0.000133638,2017.602003
eDCC8,21532.7593,3072758.72,2599051.78,8100196.76,586165.152,0.000133638,2017.122403
eDCC8,25121.5526,2786606.8,2256413.52,7895175.62,303850.278,0.000133638,2016.642804
eDCC8,28710.3458,2504787.42,1820416.14,7780137.3,225525.044,0.000133638,2016.163205
eDCC8,32299.139,2237271.48,1369267.532,7594085.24,229291.734,0.000133638,2015.683605
eDCC8,35887.9322,2002650.64,1123897.616,7427428.02,241132.652,0.000133638,2015.204006
eDCC8,39476.7254,1791578.308,1021438.606,7080165.24,281475.848,0.000133638,2014.724406
eDCC8,43065.5187,1632242.282,977047.028,6455650.3,308971.8,0.000133638,2014.244807
eDCC8,46654.3119,1493172.714,965262.04,6039020.82,347604.232,0.000133638,2013.765207
eDCC8,50243.1051,1374657.04,966706.318,5535489.5,392172.964,0.000133638,2013.285608
eDCC8,53831.8983,1283660.08,965286.422,4845441.92,411019.914,0.000133638,2012.806009
eDCC8,57420.6915,1228909.638,962858.894,4009819.96,429194.834,0.000133638,2012.326409
eDCC8,61009.4848,1204822.55,982673.846,3654533.9,473170.316,0.000133638,2011.84681
eDCC8,64598.278,1150664.002,979808.514,2918308.86,477398.47,0.000133638,2011.36721
eDCC8,68187.0712,1123342.558,984392.186,2508647.3,484225.14,0.000133638,2010.887611
eDCC8,71775.8644,1118945.826,991773.096,2400075.06,499516.972,0.000133638,2010.408011
eDCC8,75364.6577,1110211.98,999765.56,2301299.62,508829.842,0.000133638,2009.928412
eDCC8,78953.4509,1106552.136,1005198.47,2267635.84,514964.648,0.000133638,2009.448813
eDCC8,82542.2441,1111621.782,1011165.338,2219231.04,521631.698,0.000133638,2008.969213
eDCC8,86131.0373,1115431.916,1018762.978,2206178.1,525642.254,0.000133638,2008.489614
eDCC8,89719.8305,1115886.444,1023227.808,2219231.04,528560.788,0.000133638,2008.010014
eDCC8,93308.6238,1116613.502,1024201.642,2205939.26,530991.14,0.000133638,2007.530415
eDCC8,96897.417,1118038.848,1024480.582,2246532.64,530991.14,0.000133638,2007.050815
eDCC8,100486.21,1120459.296,1024480.582,2273353.32,531509.606,0.000133638,2006.571216
eDCC8,104075.003,1120531.444,1024313.978,2277492.38,531509.606,0.000133638,2006.091617
eDCC8,107663.797,1121957.294,1024916.152,2273353.32,531833.01,0.000133638,2005.612017
eDCC8,111252.59,1124388.306,1026512.832,2277492.38,532148.544,0.000133638,2005.132418
eDCC8,114841.383,1123985.872,1027564.574,2265041.2,532466.568,0.000133638,2004.652818
eDCC8,118430.176,1120589.708,1026604.586,2219231.04,532466.568,0.000133638,2004.173219
eDCC8,122018.97,1118407.746,1026312.858,2187474.9,532466.568,0.000133638,2003.693619
eDCC8,125607.763,1117896.322,1026312.858,2189003.5,532148.544,0.000133638,2003.21402
eDCC8,129196.556,1116813.17,1026512.832,2187474.9,532148.544,0.000133638,2002.734421
eDCC8,132785.349,1116308.702,1026180.41,2182586.88,532148.544,0.000133638,2002.254821
eDCC8,136374.142,1117226.268,1026312.858,2183899.08,531833.01,0.000133638,2001.775222
eDCC8,139962.936,1117998.754,1026512.832,2187474.9,531509.606,0.000133638,2001.295622
eDCC8,143551.729,1119254.578,1026312.858,2189003.5,531509.606,0.000133638,2000.816023
eDCC8,147140.522,1120433.748,1026312.858,2197053.48,531509.606,0.000133638,2000.336423
eDCC8,150729.315,1119966.018,1026512.832,2197053.48,530991.14,0.000133638,1999.856824
eDCC8,154318.109,1119915.73,1026312.858,2219231.04,526755.868,0.000133638,1999.377224
eDCC8,157906.902,1121725.27,1026312.858,2246532.64,524043.502,0.000133638,1998.897625
eDCC8,161495.695,1121391.352,1026180.41,2246532.64,520754.232,0.000133638,1998.418026
eDCC8,165084.488,1123806.224,1026512.832,2265041.2,518454.132,0.000133638,1997.938426
eDCC8,168673.281,1123830.178,1026512.832,2265041.2,514964.648,0.000133638,1997.458827
eDCC8,172262.075,1124470.158,1026604.586,2273353.32,513833.46,0.000133638,1996.979227
eDCC8,175850.868,1124080.99,1025152.336,2277492.38,512758.556,0.000133638,1996.499628
eDCC8,179439.661,1123701.828,1025152.336,2277492.38,512079.384,0.000133638,1996.020029
eDCC8,183028.454,1123638.844,1025152.336,2277492.38,508858.87,0.000133638,1995.540429
eDCC8,186617.248,1122732.734,1024698.084,2277492.38,507005.79,0.000133638,1995.06083
eDCC8,190206.041,1122408.88,1024698.084,2277492.38,506587.444,0.000133638,1994.58123
eDCC8,193794.834,1122737.818,1024698.084,2281566.66,504569.36,0.000133638,1994.101631
eDCC8,197383.627,1123695.12,1024698.084,2281926.04,504424.032,0.000133638,1993.622031
eDCC8,200972.42,1123040.728,1024480.582,2281926.04,502903.144,0.000133638,1993.142432
eDCC8,204561.214,1123421.48,1024916.152,2281926.04,502903.144,0.000133638,1992.662832
eDCC8,208150.007,1122819.302,1024698.084,2283554.94,496178.966,0.000133638,1992.183233
eDCC8,211738.8,1122109.91,1024480.582,2283554.94,494886.654,0.000133638,1991.703634
eDCC8,215327.593,1122628.864,1024313.978,2293063.54,485928.364,0.000133638,1991.224034
eDCC8,218916.387,1122317.756,1024306.678,2293063.54,485858.228,0.000133638,1990.744435
eDCC8,222505.18,1120847.592,1023920.262,2293063.54,479117.738,0.000133638,1990.264835
eDCC8,226093.973,1119203.194,1022638.534,2293063.54,477965.148,0.000133638,1989.785236
eDCC8,229682.766,1118254.964,1022638.534,2283554.94,477398.47,0.000133638,1989.305637
eDCC8,233271.559,1118011.852,1021438.606,2283554.94,477398.47,0.000133638,1988.826037
eDCC8,236860.353,1118289.414,1022237.21,2293063.54,477324.192,0.000133638,1988.346438
eDCC8,240449.146,1117862.522,1021353.546,2293063.54,477324.192,0.000133638,1987.866838
eDCC8,244037.939,1116098.052,1021353.546,2281926.04,477324.192,0.000133638,1987.387239
eDCC8,247626.732,1116603.512,1021300.994,2293063.54,477014.32,0.000133638,1986.907639
eDCC8,251215.526,1116898.23,1018762.978,2293063.54,477014.32,0.000133638,1986.42804
eDCC8,254804.319,1116551.132,1018762.978,2293063.54,477014.32,0.000133638,1985.94844
eDCC8,258393.112,1115862.062,1018388.442,2293063.54,476761.528,0.000133638,1985.468841
eDCC8,261981.905,1114899.612,1016912.568,2293063.54,472514.972,0.000133638,1984.989242
eDCC8,265570.698,1114110.21,1016502.92,2293063.54,467263.81,0.000133638,1984.509642
eDCC8,269159.492,1113648.216,1014647.284,2293063.54,467263.81,0.000133638,1984.030043
eDCC8,272748.285,1112849.24,1014443.61,2293063.54,466477.442,0.000133638,1983.550443
eDCC8,276337.078,1112202.1,1014382.008,2293063.54,464810.182,0.000133638,1983.070844
eDCC8,279925.871,1111516.176,1013029.562,2286568.16,464810.182,0.000133638,1982.591245
eDCC8,283514.664,1111051.304,1011756.386,2286568.16,464298.488,0.000133638,1982.111645
eDCC8,287103.458,1110479.234,1011412.122,2286568.16,463873.036,0.000133638,1981.632046
eDCC8,290692.251,1109702.286,1011165.338,2283554.94,461648.112,0.000133638,1981.152446
eDCC8,294281.044,1109052.858,1010970.672,2283554.94,457551.462,0.000133638,1980.672847
eDCC8,297869.837,1108295.294,1009606.652,2283554.94,457551.462,0.000133638,1980.193247
eDCC8,301458.631,1107678.872,1008650.962,2283554.94,457551.462,0.000133638,1979.713648
eDCC8,305047.424,1107212.534,1009490.542,2281926.04,456866.634,0.000133638,1979.234048
eDCC8,308636.217,1106570.488,1008650.962,2281926.04,456866.634,0.000133638,1978.754449
eDCC8,312225.01,1106268.048,1007009.018,2283554.94,451984.304,0.000133638,1978.27485
eDCC8,315813.803,1105782.282,1004857.954,2283554.94,447386.294,0.000133638,1977.79525
eDCC8,319402.597,1105895.502,1004857.954,2286568.16,447386.294,0.000133638,1977.315651
eDCC8,322991.39,1105421.956,1004857.954,2286568.16,442192.39,0.000133638,1976.836051
eDCC8,326580.183,1104780.834,1004726.712,2283554.94,442192.39,0.000133638,1976.356452
eDCC8,330168.976,1103584.344,1004726.712,2281926.04,436583.51,0.000133638,1975.876853
eDCC8,333757.77,1102801.998,1004726.712,2281926.04,429194.834,0.000133638,1975.397253
eDCC8,337346.563,1102720.576,1004726.712,2281926.04,429194.834,0.000133638,1974.917654
eDCC8,340935.356,1102486.376,1004726.712,2281926.04,429194.834,0.000133638,1974.438054
eDCC8,344524.149,1102090.606,1004434.792,2281926.04,429194.834,0.000133638,1973.958455
eDCC8,348112.942,1102507.004,1004434.792,2283554.94,429194.834,0.000133638,1973.478855
eDCC8,351701.736,1102447.318,1003603.702,2283554.94,425666.962,0.000133638,1972.999256
eDCC8,355290.529,1101216.424,1002594.974,2283554.94,415848.71,0.000133638,1972.519656
eDCC9,0,3.47E+07,2.10E+07,1.50E+08,5811855.7,0.000127427,2020
eDCC9,3157.32425,3.47E+07,2.10E+07,1.50E+08,5811855.7,0.000127427,2019.597672
eDCC9,6314.6485,3.47E+07,2.10E+07,1.50E+08,5811855.7,0.000127427,2019.195345
eDCC9,9471.97275,3.47E+07,2.10E+07,1.50E+08,5811855.7,0.000127427,2018.793017
eDCC9,12629.297,3.47E+07,2.10E+07,1.50E+08,5811855.7,0.000127427,2018.39069
eDCC9,15786.6212,3.47E+07,2.10E+07,1.50E+08,5791398.34,0.000127427,2017.988362
eDCC9,18943.9455,3.48E+07,2.10E+07,1.50E+08,5791398.34,0.000127427,2017.586035
eDCC9,22101.2697,3.48E+07,2.10E+07,1.50E+08,5791398.34,0.000127427,2017.183707
eDCC9,25258.594,3.46E+07,2.09E+07,1.50E+08,5521047.56,0.000127427,2016.78138
eDCC9,28415.9182,3.39E+07,2.06E+07,1.48E+08,5216967.86,0.000127427,2016.379052
eDCC9,31573.2425,3.32E+07,2.01E+07,1.47E+08,4537674.11,0.000127427,2015.976725
eDCC9,34730.5667,3.24E+07,1.97E+07,1.47E+08,3676870.03,0.000127427,2015.574397
eDCC9,37887.891,3.16E+07,1.91E+07,1.46E+08,2524557.07,0.000127427,2015.17207
eDCC9,41045.2152,2.98E+07,1.81E+07,1.42E+08,1499515.84,0.000127427,2014.769742
eDCC9,44202.5395,2.82E+07,1.71E+07,1.37E+08,1026976.82,0.000127427,2014.367415
eDCC9,47359.8637,2.63E+07,1.58E+07,1.31E+08,788915.392,0.000127427,2013.965087
eDCC9,50517.188,2.45E+07,1.40E+07,1.29E+08,653056.384,0.000127427,2013.56276
eDCC9,53674.5122,2.25E+07,1.17E+07,1.26E+08,577025.208,0.000127427,2013.160432
eDCC9,56831.8365,2.05E+07,9417520.69,1.16E+08,532803.726,0.000127427,2012.758105
eDCC9,59989.1607,1.87E+07,5531474.66,1.13E+08,518627.119,0.000127427,2012.355777
eDCC9,63146.485,1.70E+07,3580908.31,1.02E+08,518446.127,0.000127427,2011.95345
eDCC9,66303.8092,1.58E+07,2450301,9.95E+07,498390.404,0.000127427,2011.551122
eDCC9,69461.1335,1.46E+07,2089914.15,9.39E+07,519152.056,0.000127427,2011.148795
eDCC9,72618.4577,1.31E+07,1892043.35,8.47E+07,535423.302,0.000127427,2010.746467
eDCC9,75775.782,1.19E+07,1785896.19,8.43E+07,549366.467,0.000127427,2010.34414
eDCC9,78933.1062,1.09E+07,1714944.57,7.88E+07,558836.131,0.000127427,2009.941812
eDCC9,82090.4305,9880977.21,1662900.24,6.85E+07,599760.958,0.000127427,2009.539485
eDCC9,85247.7547,8647320.28,1652476.41,6.17E+07,603230.328,0.000127427,2009.137157
eDCC9,88405.079,7409979.85,1635151.98,5.54E+07,622880.537,0.000127427,2008.73483
eDCC9,91562.4032,6734341.05,1630446.7,5.17E+07,639098.427,0.000127427,2008.332502
eDCC9,94719.7275,6090773.3,1611718.97,4.66E+07,640073.386,0.000127427,2007.930175
eDCC9,97877.0517,5717462.77,1615735.79,4.37E+07,637350.486,0.000127427,2007.527847
eDCC9,101034.376,4891278.18,1620727.84,3.69E+07,627796.555,0.000127427,2007.12552
eDCC9,104191.7,4476213.97,1619725.55,3.25E+07,583282.216,0.000127427,2006.723192
eDCC9,107349.024,4085925.98,1615500.65,3.06E+07,554297.841,0.000127427,2006.320865
eDCC9,110506.349,3611163.12,1576775.11,2.62E+07,456288.314,0.000127427,2005.918537
eDCC9,113663.673,3302814.85,1563936.22,2.03E+07,314348.442,0.000127427,2005.51621
eDCC9,116820.997,2889593.56,1548184.7,1.56E+07,244335.58,0.000127427,2005.113882
eDCC9,119978.321,2529133.05,1537353.08,1.12E+07,217769.544,0.000127427,2004.711555
eDCC9,123135.646,2328341.97,1522196.15,7910613.43,192953.744,0.000127427,2004.309227
eDCC9,126292.97,2147856,1509030.82,7047164.43,169374.565,0.000127427,2003.9069
eDCC9,129450.294,1985671.48,1469844.65,6431393.89,153584.327,0.000127427,2003.504572
eDCC9,132607.618,1841782.13,1452966.63,5167739.78,150826.577,0.000127427,2003.102245
eDCC9,135764.943,1789607.94,1418377.15,5148420.35,145457.283,0.000127427,2002.699917
eDCC9,138922.267,1651888.05,1386459.46,4970656.1,135162.752,0.000127427,2002.29759
eDCC9,142079.591,1587350.67,1353444.41,4811781.7,130200.108,0.000127427,2001.895262
eDCC9,145236.915,1536224.61,1305312.24,4820807.73,127301.818,0.000127427,2001.492935
eDCC9,148394.24,1479846.73,1241155.88,4621896.78,122355.307,0.000127427,2001.090607
eDCC9,151551.564,1444122.24,1181815.25,4564841.86,115020.412,0.000127427,2000.68828
eDCC9,154708.888,1420103.79,1131013.6,4594954.96,114871.041,0.000127427,2000.285952
eDCC9,157866.212,1392281.18,1049443.23,4584035.99,110053.453,0.000127427,1999.883625
eDCC9,161023.537,1351617,926625.051,4716875.71,109213.244,0.000127427,1999.481297
eDCC9,164180.861,1317087.58,821880.425,4693190.92,105820.751,0.000127427,1999.07897
eDCC9,167338.185,1281068.77,695313.284,4693623.68,105175.787,0.000127427,1998.676642
eDCC9,170495.509,1265756.85,603964.361,4649425.83,102070.383,0.000127427,1998.274315
eDCC9,173652.834,1253033.11,549715.129,4799953.95,97704.7175,0.000127427,1997.871987
eDCC9,176810.158,1215593.51,507684.507,4819351.3,97704.7175,0.000127427,1997.46966
eDCC9,179967.482,1193315.1,475120.143,4819351.3,98002.377,0.000127427,1997.067332
eDCC9,183124.806,1161393.22,451866.616,4710707.46,98002.377,0.000127427,1996.665005
eDCC9,186282.131,1129026.97,428877.298,4594954.96,96341.5046,0.000127427,1996.262677
eDCC9,189439.455,1111991.88,406092.645,4729758.44,96869.6586,0.000127427,1995.86035
eDCC9,192596.779,1093377.47,390406.086,4729758.44,97980.0602,0.000127427,1995.458022
eDCC9,195754.103,1072441.64,379783.754,4594954.96,97287.5485,0.000127427,1995.055695
eDCC9,198911.428,1055092.83,369180.947,4611408.2,97114.9623,0.000127427,1994.653367
eDCC9,202068.752,1028912.8,362560.183,4584035.99,96869.6586,0.000127427,1994.251039
eDCC9,205226.076,1000339.28,353523.512,4572222.71,97114.9623,0.000127427,1993.848712
eDCC9,208383.4,968221.867,344639.53,4547764.11,96341.5046,0.000127427,1993.446385
eDCC9,211540.725,944880.138,339488.51,4469489.8,96331.5716,0.000127427,1993.044057
eDCC9,214698.049,933703.309,332447.269,4552038.07,95641.322,0.000127427,1992.641729
eDCC9,217855.373,903978.738,327365.081,4437211.4,96331.5716,0.000127427,1992.239402
eDCC9,221012.697,881669.371,322890.973,4397504.3,96402.9629,0.000127427,1991.837075
eDCC9,224170.022,862159.746,319162.795,4352493.63,96869.6586,0.000127427,1991.434747
eDCC9,227327.346,836730.018,312246.145,4339924.93,96331.5716,0.000127427,1991.032419
eDCC9,230484.67,817806.46,307960.397,4270904.84,96261.2004,0.000127427,1990.630092
eDCC9,233641.994,786581.389,302446.726,4213109.99,95194.5754,0.000127427,1990.227764
eDCC9,236799.319,765562.003,299524.445,4156848.14,94553.8341,0.000127427,1989.825437
eDCC9,239956.643,742243.282,297606.809,4123705.38,94488.8072,0.000127427,1989.423109
eDCC9,243113.967,725988.905,295452.777,4105205.53,94488.8072,0.000127427,1989.020782
eDCC9,246271.291,709821.223,293442.75,4048865.27,94149.6404,0.000127427,1988.618454
eDCC9,249428.616,691256.36,291728.625,3981261.05,92678.8224,0.000127427,1988.216127
eDCC9,252585.94,673020.383,289691.863,3956597.22,89950.242,0.000127427,1987.813799
eDCC9,255743.264,654773.41,288218.789,3774984.98,88694.6464,0.000127427,1987.411472
eDCC9,258900.588,621969.516,286504.331,3687249.54,88513.6307,0.000127427,1987.009144
eDCC9,262057.913,606900.575,285189.393,3622731.83,84476.8186,0.000127427,1986.606817
eDCC9,265215.237,587667.39,284833.161,3535479.48,82217.4695,0.000127427,1986.204489
eDCC9,268372.561,571841.818,284613.177,3365843.87,80881.6754,0.000127427,1985.802162
eDCC9,271529.885,558444.278,282153.944,3231041.86,80460.3276,0.000127427,1985.399834
eDCC9,274687.21,540696.575,279794.475,3130829.73,78806.9178,0.000127427,1984.997507
eDCC9,277844.534,520464.856,278756.17,3025891.62,76705.5799,0.000127427,1984.595179
eDCC9,281001.858,498099.904,277995.08,2865890.52,73430.1052,0.000127427,1984.192852
eDCC9,284159.182,480693.707,276043.338,2623789,67332.4722,0.000127427,1983.790524
eDCC9,287316.507,468963.459,275623.359,2619217.61,63999.8375,0.000127427,1983.388197
eDCC9,290473.831,452026.346,274687.249,2479495.6,63722.3154,0.000127427,1982.985869
eDCC9,293631.155,436619.969,274574.376,2372214.42,61604.5684,0.000127427,1982.583542
eDCC9,296788.479,419493.261,272354.804,2005545.48,59988.1894,0.000127427,1982.181214
eDCC9,299945.804,412811.028,271841.73,1926690.79,57432.4844,0.000127427,1981.778887
eDCC9,303103.128,405656.967,269523.833,1840523.07,55495.0793,0.000127427,1981.376559
eDCC9,306260.452,396068.477,269028.224,1765857.01,54512.3904,0.000127427,1980.974232
eDCC9,309417.776,379670.392,268228.941,1409798.04,53218.2243,0.000127427,1980.571904
eDCC9,312575.101,NaN,NaN,NaN,NaN,0.000127427,1980.169577
eDCC10,0,2396061.1,1787052.85,7896987.11,318865.405,6.09841E-05,2020
eDCC10,2471.16028,2558406.87,2049252.01,7223288.17,641761.367,6.09841E-05,2019.849298
eDCC10,4942.32056,2772405.76,2305959.77,7193828.42,826661.134,6.09841E-05,2019.698597
eDCC10,7413.48084,3012253.32,2537063.07,7570890.5,926863.396,6.09841E-05,2019.547895
eDCC10,9884.64111,3194936.06,2759085.81,7785668.4,1019214.39,6.09841E-05,2019.397194
eDCC10,12355.8014,3435386.82,3027551.73,8083389.31,1127883.04,6.09841E-05,2019.246492
eDCC10,14826.9617,3726898.81,3259729.96,8891621.76,1294605.3,6.09841E-05,2019.095791
eDCC10,17298.122,3981064.81,3503138.3,9542293.88,1369787.37,6.09841E-05,2018.945089
eDCC10,19769.2822,4279667.8,3732620.41,1.04E+07,1484893.75,6.09841E-05,2018.794387
eDCC10,22240.4425,4551368.7,3923509.71,1.09E+07,1611347.83,6.09841E-05,2018.643686
eDCC10,24711.6028,4800873.98,4131785.88,1.17E+07,1680129.33,6.09841E-05,2018.492984
eDCC10,27182.7631,5053517.95,4342299.54,1.24E+07,1774481.53,6.09841E-05,2018.342283
eDCC10,29653.9233,5300308.97,4533015.73,1.32E+07,1869866.12,6.09841E-05,2018.191581
eDCC10,32125.0836,5473346.98,4702217.54,1.36E+07,1962555.29,6.09841E-05,2018.040879
eDCC10,34596.2439,5637993.9,4848530.84,1.41E+07,2007050.08,6.09841E-05,2017.890178
eDCC10,37067.4042,5790234.63,4962048.77,1.48E+07,2043078.89,6.09841E-05,2017.739476
eDCC10,39538.5645,5874686.24,5031064.72,1.49E+07,2055395.24,6.09841E-05,2017.588775
eDCC10,42009.7247,5999839.85,5126112.42,1.52E+07,2044129.88,6.09841E-05,2017.438073
eDCC10,44480.885,6072363.91,5187596.98,1.55E+07,2051414.55,6.09841E-05,2017.287372
eDCC10,46952.0453,6137151.08,5240903.76,1.59E+07,2007050.08,6.09841E-05,2017.13667
eDCC10,49423.2056,6163223.01,5271443.5,1.61E+07,1925236.23,6.09841E-05,2016.985968
eDCC10,51894.3659,6199215.8,5279255.7,1.65E+07,1846634.32,6.09841E-05,2016.835267
eDCC10,54365.5261,6195996.77,5295495.55,1.65E+07,1594727.55,6.09841E-05,2016.684565
eDCC10,56836.6864,6153825.9,5278745.71,1.65E+07,1154197.07,6.09841E-05,2016.533864
eDCC10,59307.8467,6115099.81,5269721.79,1.65E+07,710588.125,6.09841E-05,2016.383162
eDCC10,61779.007,6014935.83,5197939.35,1.65E+07,510516.861,6.09841E-05,2016.232461
eDCC10,64250.1672,5916476.31,5136690.99,1.65E+07,450878.113,6.09841E-05,2016.081759
eDCC10,66721.3275,5801261.06,5077138.68,1.66E+07,336169.75,6.09841E-05,2015.931057
eDCC10,69192.4878,5663304.66,5010712.44,1.66E+07,288701.499,6.09841E-05,2015.780356
eDCC10,71663.6481,5496029.99,4855303.23,1.65E+07,277204.225,6.09841E-05,2015.629654
eDCC10,74134.8084,5309547.22,4712659.62,1.65E+07,240526.456,6.09841E-05,2015.478953
eDCC10,76605.9686,5143423.32,4451263.79,1.66E+07,238493.096,6.09841E-05,2015.328251
eDCC10,79077.1289,4994422.7,4296568.37,1.66E+07,237525.723,6.09841E-05,2015.17755
eDCC10,81548.2892,4855862.55,4033475.05,1.66E+07,230266.708,6.09841E-05,2015.026848
eDCC10,84019.4495,4708618.3,3699745.5,1.67E+07,213525.001,6.09841E-05,2014.876146
eDCC10,86490.6098,4547790.19,3274227.26,1.66E+07,218300.171,6.09841E-05,2014.725445
eDCC10,88961.77,4356809.14,2451575.79,1.65E+07,223436.673,6.09841E-05,2014.574743
eDCC10,91432.9303,4241724.25,2010145.69,1.65E+07,248228.92,6.09841E-05,2014.424042
eDCC10,93904.0906,4047384.14,1667199.84,1.60E+07,258799.433,6.09841E-05,2014.27334
eDCC10,96375.2509,3912256.32,1470824.2,1.58E+07,262586.155,6.09841E-05,2014.122638
eDCC10,98846.4111,3813926.67,1396022.8,1.58E+07,258799.433,6.09841E-05,2013.971937
eDCC10,101317.571,3699967.2,1344498.11,1.55E+07,259994.62,6.09841E-05,2013.821235
eDCC10,103788.732,3591315.45,1311633.41,1.55E+07,263705.265,6.09841E-05,2013.670534
eDCC10,106259.892,3440718.62,1255660.97,1.52E+07,271949.506,6.09841E-05,2013.519832
eDCC10,108731.052,3366427.17,1246029.93,1.53E+07,273916.629,6.09841E-05,2013.369131
eDCC10,111202.213,3259855.54,1229577.03,1.52E+07,289500.113,6.09841E-05,2013.218429
eDCC10,113673.373,3164722.53,1230938.37,1.49E+07,308098.106,6.09841E-05,2013.067727
eDCC10,116144.533,3003778.61,1218667.68,1.45E+07,313096.335,6.09841E-05,2012.917026
eDCC10,118615.693,2906595.57,1212042.69,1.41E+07,314747.117,6.09841E-05,2012.766324
eDCC10,121086.854,2818675.57,1202185.26,1.36E+07,327644.614,6.09841E-05,2012.615623
eDCC10,123558.014,2730104.98,1198818.87,1.35E+07,342169.49,6.09841E-05,2012.464921
eDCC10,126029.174,2634624.16,1192879.94,1.32E+07,340415.407,6.09841E-05,2012.31422
eDCC10,128500.334,2553408.08,1196458.56,1.27E+07,354048.33,6.09841E-05,2012.163518
eDCC10,130971.495,2470612.23,1196188.64,1.25E+07,354048.33,6.09841E-05,2012.012816
eDCC10,133442.655,2379502.91,1187809.04,1.22E+07,356183.112,6.09841E-05,2011.862115
eDCC10,135913.815,2327653.78,1187854.6,1.22E+07,350044.349,6.09841E-05,2011.711413
eDCC10,138384.976,2278871.7,1190583.52,1.20E+07,359924.559,6.09841E-05,2011.560712
eDCC10,140856.136,2213731.48,1194171.6,1.18E+07,357973.149,6.09841E-05,2011.41001
eDCC10,143327.296,2158614.5,1202185.26,1.15E+07,358439.669,6.09841E-05,2011.259309
eDCC10,145798.456,2074755.46,1203492.86,1.13E+07,375390.076,6.09841E-05,2011.108607
eDCC10,148269.617,1984479.81,1203492.86,1.09E+07,374109.027,6.09841E-05,2010.957905
eDCC10,150740.777,1927906.65,1212600.89,1.02E+07,374109.027,6.09841E-05,2010.807204
eDCC10,153211.937,1859130.31,1212600.89,9419387.44,388745.425,6.09841E-05,2010.656502
eDCC10,155683.098,1811579.15,1222376.65,9027621.85,379851.868,6.09841E-05,2010.505801
eDCC10,158154.258,1761763.08,1224782.09,8112004.84,374998.88,6.09841E-05,2010.355099
eDCC10,160625.418,1722262.15,1225440.36,7460785.33,371706.902,6.09841E-05,2010.204397
eDCC10,163096.578,1704876.68,1234780.63,6800878.46,363016.548,6.09841E-05,2010.053696
eDCC10,165567.739,1671046.73,1241009.63,5878213.65,368277.077,6.09841E-05,2009.902994
eDCC10,168038.899,1653626.96,1244190.72,5600435.47,357973.149,6.09841E-05,2009.752293
eDCC10,170510.059,1640341.41,1244190.72,5514197.73,336671.127,6.09841E-05,2009.601591
eDCC10,172981.22,1626881.85,1249468.59,5270848.25,330318.136,6.09841E-05,2009.45089
eDCC10,175452.38,1613044.93,1252749.14,4936200.5,298414.784,6.09841E-05,2009.300188
eDCC10,177923.54,1599319.25,1255314.88,4765318.02,283640.222,6.09841E-05,2009.149486
eDCC10,180394.7,1608545.85,1263687.26,4936056.4,220465.74,6.09841E-05,2008.998785
eDCC10,182865.861,1595673.2,1273708.92,4919748.41,159344.794,6.09841E-05,2008.848083
eDCC10,185337.021,1580993.73,1274497.75,4629251.62,123067.613,6.09841E-05,2008.697382
eDCC10,187808.181,1568420.91,1274562.08,4556316.73,97520.1761,6.09841E-05,2008.54668
eDCC10,190279.341,1558737.4,1279388.02,4422583.91,87146.7168,6.09841E-05,2008.395979
eDCC10,192750.502,1551956.07,1283525.12,4381494.36,72735.2537,6.09841E-05,2008.245277
eDCC10,195221.662,1536755.77,1280720.81,4344760.2,66161.4921,6.09841E-05,2008.094575
eDCC10,197692.822,1534614.33,1287992.81,4341042.16,60671.6544,6.09841E-05,2007.943874
eDCC10,200163.983,1531841.96,1292980.46,4289094.31,56148.0846,6.09841E-05,2007.793172
eDCC10,202635.143,1528723.7,1286537.88,4332150.04,53869.0463,6.09841E-05,2007.642471
eDCC10,205106.303,1520881.64,1280720.81,4293434.57,48322.8682,6.09841E-05,2007.491769
eDCC10,207577.463,1517427.07,1280720.81,4342254.62,43371.7978,6.09841E-05,2007.341068
eDCC10,210048.624,1521782.82,1293847.01,4355629.92,41188.5798,6.09841E-05,2007.190366
eDCC10,212519.784,1522197.5,1296599.54,4422583.91,39842.8592,6.09841E-05,2007.039664
eDCC10,214990.944,1518379.49,1296599.54,4422583.91,39493.297,6.09841E-05,2006.888963
eDCC10,217462.105,1512855.22,1293847.01,4422583.91,39442.0626,6.09841E-05,2006.738261
eDCC10,219933.265,1504370.54,1280720.81,4459645.09,38264.642,6.09841E-05,2006.58756
eDCC10,222404.425,1499415.42,1280696.59,4512662.59,37621.4515,6.09841E-05,2006.436858
eDCC10,224875.585,1491854.15,1279388.02,4546024.82,36817.8299,6.09841E-05,2006.286156
eDCC10,227346.746,1485012.35,1274562.08,4556316.73,36082.7206,6.09841E-05,2006.135455
eDCC10,229817.906,1470676.2,1271365.24,4546024.82,36014.9293,6.09841E-05,2005.984753
eDCC10,232289.066,1456035.95,1259701.36,4546024.82,34362.5525,6.09841E-05,2005.834052
eDCC10,234760.226,1445217.83,1257397.6,4546024.82,33739.9633,6.09841E-05,2005.68335
eDCC10,237231.387,1427635.63,1244436.76,4546024.82,33739.9633,6.09841E-05,2005.532649
eDCC10,239702.547,1416887.25,1233179.48,4556316.73,33208.5992,6.09841E-05,2005.381947
eDCC10,242173.707,1407643.29,1229590.19,4556316.73,31744.0733,6.09841E-05,2005.231245
eDCC10,244644.868,NaN,NaN,NaN,NaN,6.09841E-05,2005.080544
eDCC11,0,6090909.55,3568609.21,2.47E+07,913927.904,9.71229E-05,2020
eDCC11,3838.89035,5838766.13,3537020.57,2.35E+07,1150470.28,9.71229E-05,2019.627156
eDCC11,7677.7807,5349318.37,3296388.16,2.12E+07,937304.278,9.71229E-05,2019.254312
eDCC11,11516.671,4394031.97,2723254.24,1.72E+07,642550.481,9.71229E-05,2018.881468
eDCC11,15355.5614,3589866.95,2225001.95,1.41E+07,591587.973,9.71229E-05,2018.508624
eDCC11,19194.4517,2974344.21,1952579.14,1.08E+07,606052.713,9.71229E-05,2018.135779
eDCC11,23033.3421,2570641.97,1874369.98,8503010.09,643752.683,9.71229E-05,2017.762935
eDCC11,26872.2324,2390007.58,1856358.61,7018203.81,683178.185,9.71229E-05,2017.390091
eDCC11,30711.1228,2251155.51,1832911.55,6322354.27,671385.728,9.71229E-05,2017.017247
eDCC11,34550.0131,2183509.44,1815490.26,5918790.96,629485.114,9.71229E-05,2016.644403
eDCC11,38388.9035,2158415.12,1818790.89,5812734.6,622901.648,9.71229E-05,2016.271559
eDCC11,42227.7938,2116249.03,1791764.28,5483574.19,601604.926,9.71229E-05,2015.898715
eDCC11,46066.6842,2110098.37,1782147.5,5528186.85,567367.771,9.71229E-05,2015.525871
eDCC11,49905.5745,2080696.09,1781118.3,5429160,534836.641,9.71229E-05,2015.153027
eDCC11,53744.4649,2093693.96,1803554,5321970.97,592980.171,9.71229E-05,2014.780183
eDCC11,57583.3552,2129883.48,1849641.48,5321970.97,612333.838,9.71229E-05,2014.407338
eDCC11,61422.2456,2153862.17,1872848.71,5321970.97,652409.609,9.71229E-05,2014.034494
eDCC11,65261.1359,2165226.78,1905687.77,5209497.75,665591.725,9.71229E-05,2013.66165
eDCC11,69100.0263,2211251.57,1968609.01,5223553.23,719039.969,9.71229E-05,2013.288806
eDCC11,72938.9166,2270796.45,2023967.07,5294217.3,754454.69,9.71229E-05,2012.915962
eDCC11,76777.807,2318018.79,2063625.02,5414437.71,795393.82,9.71229E-05,2012.543118
eDCC11,80616.6973,2372237.94,2107198.17,5414437.71,808100.495,9.71229E-05,2012.170274
eDCC11,84455.5877,2417658.43,2143603.73,5433903.38,898426.894,9.71229E-05,2011.79743
eDCC11,88294.478,2465040.02,2193404.94,5555215.39,933747.019,9.71229E-05,2011.424586
eDCC11,92133.3684,2517828.71,2253627.44,5565902.64,964503.362,9.71229E-05,2011.051741
eDCC11,95972.2587,2558415.85,2285169.23,5676146.1,964503.362,9.71229E-05,2010.678897
eDCC11,99811.1491,2612378.17,2326332.77,5889895.81,982990.963,9.71229E-05,2010.306053
eDCC11,103650.039,2649455.59,2358795,5903359.35,1007458.28,9.71229E-05,2009.933209
eDCC11,107488.93,2695274.65,2402745.37,6008430.17,1012355.12,9.71229E-05,2009.560365
eDCC11,111327.82,2718260.02,2422921.96,6059109.16,1016785.47,9.71229E-05,2009.187521
eDCC11,115166.71,2753037.94,2450889.5,6304386.86,981017.678,9.71229E-05,2008.814677
eDCC11,119005.601,2783402.67,2478274.56,6442988.03,923332.448,9.71229E-05,2008.441833
eDCC11,122844.491,2798237.3,2489649.42,6512777.88,690670.693,9.71229E-05,2008.068989
eDCC11,126683.382,2806807.47,2504876.2,6628490.39,439731.44,9.71229E-05,2007.696144
eDCC11,130522.272,2804975.78,2521796.61,6820125.19,243555.873,9.71229E-05,2007.3233
eDCC11,134361.162,2775590.76,2504876.2,6828651.72,182518.32,9.71229E-05,2006.950456
eDCC11,138200.053,2766400.12,2511748.09,7004190.48,151031.274,9.71229E-05,2006.577612
eDCC11,142038.943,2758309.77,2504876.2,7076002.73,133032.443,9.71229E-05,2006.204768
eDCC11,145877.833,2718853.28,2478274.56,7164933.66,129970.501,9.71229E-05,2005.831924
eDCC11,149716.724,2686500.04,2461278.18,7322159.48,116796.677,9.71229E-05,2005.45908
eDCC11,153555.614,2646660.04,2426300.35,7660077.41,106708.399,9.71229E-05,2005.086236
eDCC11,157394.504,2573256.76,2367554.66,7576607.35,103232.156,9.71229E-05,2004.713392
eDCC11,161233.395,2529442.05,2333266.49,7714463.98,103039.149,9.71229E-05,2004.340548
eDCC11,165072.285,2467425.95,2281272.78,7756641.2,99253.1518,9.71229E-05,2003.967703
eDCC11,168911.175,2398113.24,2183527.57,7758788.69,94816.5386,9.71229E-05,2003.594859
eDCC11,172750.066,2339541.13,2073015.13,7758788.69,93392.9921,9.71229E-05,2003.222015
eDCC11,176588.956,2281904.07,1929261.91,7766096.86,93392.9921,9.71229E-05,2002.849171
eDCC11,180427.846,2233386.37,1829591.25,7769560.63,93135.3289,9.71229E-05,2002.476327
eDCC11,184266.737,2185728.31,1692812.62,7907828.45,98227.4105,9.71229E-05,2002.103483
eDCC11,188105.627,2138501.78,1449511.52,7942148.44,94929.9221,9.71229E-05,2001.730639
eDCC11,191944.517,2088475.62,938560.744,8127691.98,98094.5822,9.71229E-05,2001.357795
eDCC11,195783.408,2054838.26,721248.977,8188368.03,99253.1518,9.71229E-05,2000.984951
eDCC11,199622.298,2020693.07,574580.135,8238569.93,98227.4105,9.71229E-05,2000.612106
eDCC11,203461.189,1958957.27,494857.063,8127691.98,98227.4105,9.71229E-05,2000.239262
eDCC11,207300.079,1907516.29,453090.238,8238569.93,100212.192,9.71229E-05,1999.866418
eDCC11,211138.969,1860342.47,416016.429,8238569.93,100552.292,9.71229E-05,1999.493574
eDCC11,214977.86,1811185.18,398050.05,8238569.93,102198.327,9.71229E-05,1999.12073
eDCC11,218816.75,1766259.07,383544.556,8238569.93,105928.535,9.71229E-05,1998.747886
eDCC11,222655.64,1713648.32,364758.764,8188368.03,102091.613,9.71229E-05,1998.375042
eDCC11,226494.531,1665406.16,351850.34,8132179.15,105441.613,9.71229E-05,1998.002198
eDCC11,230333.421,1608700.42,341788.748,8036885.55,103312.494,9.71229E-05,1997.629354
eDCC11,234172.311,1558485.54,335941.634,7907828.45,101360.384,9.71229E-05,1997.25651
eDCC11,238011.202,1519747.13,335855.639,7934350.17,101794.656,9.71229E-05,1996.883665
eDCC11,241850.092,1487857.86,331133.717,7942148.44,100942.57,9.71229E-05,1996.510821
eDCC11,245688.982,1440328.42,327747.314,7878389.51,105441.613,9.71229E-05,1996.137977
eDCC11,249527.873,1408367.03,320244.179,7813748.76,102415.908,9.71229E-05,1995.765133
eDCC11,253366.763,1366226.82,319204.434,7793880.26,105928.535,9.71229E-05,1995.392289
eDCC11,257205.653,1339758.04,315443.415,7769560.63,108492.042,9.71229E-05,1995.019445
eDCC11,261044.544,1303439.55,313450.496,7660077.41,109556.938,9.71229E-05,1994.646601
eDCC11,264883.434,1262050.85,312902.533,7525447.2,110570.57,9.71229E-05,1994.273757
eDCC11,268722.324,1219569.42,310111.359,7488397.39,108492.042,9.71229E-05,1993.900913
eDCC11,272561.215,1189051.54,305857.067,7488397.39,108489.591,9.71229E-05,1993.528068
eDCC11,276400.105,1134011.5,303157.965,7347148.82,106401.194,9.71229E-05,1993.155224
eDCC11,280238.995,1067893.92,301387.752,7210537.25,104168.515,9.71229E-05,1992.78238
eDCC11,284077.886,1016559.61,300597.167,6768275.27,105928.535,9.71229E-05,1992.409536
eDCC11,287916.776,974035.526,297481.973,6680606.68,105441.613,9.71229E-05,1992.036692
eDCC11,291755.667,934112.767,295000.664,6415371.86,101083.441,9.71229E-05,1991.663848
eDCC11,295594.557,889807.323,292791.187,6222102.81,101083.441,9.71229E-05,1991.291004
eDCC11,299433.447,856074.29,292563.989,6067636.3,99920.2272,9.71229E-05,1990.91816
eDCC11,303272.338,813470.29,291915.967,5952662.86,99920.2272,9.71229E-05,1990.545316
eDCC11,307111.228,790986.978,291014.812,5608128.74,99610.2256,9.71229E-05,1990.172471
eDCC11,310950.118,744354.997,290206.015,5474047.69,99920.2272,9.71229E-05,1989.799627
eDCC11,314789.009,708179.298,289340.784,5300001.35,100942.57,9.71229E-05,1989.426783
eDCC11,318627.899,674002.463,288870.485,4978877.58,100145.704,9.71229E-05,1989.053939
eDCC11,322466.789,647681.999,288538.2,4769560.36,99008.3604,9.71229E-05,1988.681095
eDCC11,326305.68,611410.802,288043.221,4460352.91,97558.6125,9.71229E-05,1988.308251
eDCC11,330144.57,588184.504,286880.11,4260046.66,97779.6386,9.71229E-05,1987.935407
eDCC11,333983.46,564231.152,286880.11,3954135.37,97350.168,9.71229E-05,1987.562563
eDCC11,337822.351,546045.962,287237.364,3875139.77,97637.8311,9.71229E-05,1987.189719
eDCC11,341661.241,522335.377,286772.685,3720587.54,97664.736,9.71229E-05,1986.816875
eDCC11,345500.131,498174.682,287015.046,3338430.55,97558.6125,9.71229E-05,1986.44403
eDCC11,349339.022,473691.302,286110.048,2564952.91,97169.8804,9.71229E-05,1986.071186
eDCC11,353177.912,451326.067,286772.685,1769214.8,93925.66,9.71229E-05,1985.698342
eDCC11,357016.802,433530.465,286474.219,1470323.37,93430.2834,9.71229E-05,1985.325498
eDCC11,360855.693,410514.197,286154.36,1254117.27,92761.896,9.71229E-05,1984.952654
eDCC11,364694.583,398144.869,286662.557,1094635.94,90665.1285,9.71229E-05,1984.57981
eDCC11,368533.474,389579.965,286772.685,997829.685,90945.3311,9.71229E-05,1984.206966
eDCC11,372372.364,385713.805,287163.052,987777.878,89397.4075,9.71229E-05,1983.834122
eDCC11,376211.254,376891.205,286772.685,963689.692,83334.4828,9.71229E-05,1983.461278
eDCC11,380050.145,NaN,NaN,NaN,NaN,9.71229E-05,1983.088433
eDCC12,0,4422466.42,2892147.27,1.85E+07,748631.565,0.000127427,2020
eDCC12,5147.44456,4196704.41,2844657,1.54E+07,950943.037,0.000127427,2019.344078
eDCC12,10294.8891,3781257.78,2656187.24,1.28E+07,859229.158,0.000127427,2018.688156
eDCC12,15442.3337,3371999.78,2448174.82,1.12E+07,731976.165,0.000127427,2018.032234
eDCC12,20589.7783,2966131.82,2162471.95,9975462.45,522178.905,0.000127427,2017.376312
eDCC12,25737.2228,2572788.28,1936747.52,8318480.89,498243.28,0.000127427,2016.72039
eDCC12,30884.6674,2435506.64,1928840,7339079.9,578998.971,0.000127427,2016.064468
eDCC12,36032.1119,2457718.05,2033164.88,6847400.33,662630.677,0.000127427,2015.408546
eDCC12,41179.5565,2535786.14,2175273.67,6457468.47,773422.837,0.000127427,2014.752624
eDCC12,46327.0011,2648497.42,2296492.87,6630962.59,936150.854,0.000127427,2014.096702
eDCC12,51474.4456,2790905.46,2403540.03,6856458.48,1009187.86,0.000127427,2013.44078
eDCC12,56621.8902,2900491.56,2484277.2,7169891.19,1029665.84,0.000127427,2012.784858
eDCC12,61769.3348,3038129.74,2585390.26,7807305.36,1068290.65,0.000127427,2012.128936
eDCC12,66916.7793,3121474.94,2626999.6,8029255.33,1075739.09,0.000127427,2011.473014
eDCC12,72064.2239,3173527.65,2659880.09,8184204.89,996547.013,0.000127427,2010.817092
eDCC12,77211.6684,3178146.3,2685769.36,8326608.56,857607.342,0.000127427,2010.161169
eDCC12,82359.113,3160040.36,2668265.15,8379292.96,785373.53,0.000127427,2009.505247
eDCC12,87506.5576,3125437.94,2626047.01,8403746.78,744144.964,0.000127427,2008.849325
eDCC12,92654.0021,3063740.44,2565716.85,8403746.78,650123.117,0.000127427,2008.193403
eDCC12,97801.4467,3008106.17,2501130.69,8446560.94,644719.274,0.000127427,2007.537481
eDCC12,102948.891,2961884.52,2442541.27,8418594.02,612312.95,0.000127427,2006.881559
eDCC12,108096.336,2927500.21,2413762.57,8447033.01,619729.494,0.000127427,2006.225637
eDCC12,113243.78,2881521.71,2349210.6,8457300.16,592154.274,0.000127427,2005.569715
eDCC12,118391.225,2821425.56,2264036.96,8418594.02,586972.273,0.000127427,2004.913793
eDCC12,123538.67,2755115.43,2201414.12,8418594.02,556331.69,0.000127427,2004.257871
eDCC12,128686.114,2689598.47,2090286.6,8379292.96,546523.861,0.000127427,2003.601949
eDCC12,133833.559,2633359.87,2017408.65,8184204.89,522487.043,0.000127427,2002.946027
eDCC12,138981.003,2585547.8,1965006.51,8232755.2,475444.975,0.000127427,2002.290105
eDCC12,144128.448,2506751.74,1908235.64,8184204.89,458739.038,0.000127427,2001.634183
eDCC12,149275.892,2450414.44,1850500.24,8002303.49,449608.319,0.000127427,2000.978261
eDCC12,154423.337,2387893.97,1794600.33,8071118.28,440206.345,0.000127427,2000.322339
eDCC12,159570.781,2339580.67,1736369.43,7967380.35,428146.327,0.000127427,1999.666417
eDCC12,164718.226,2282385.24,1671542.36,7967380.35,385943.714,0.000127427,1999.010495
eDCC12,169865.671,2229977.88,1625213.7,7708581.35,364375.976,0.000127427,1998.354573
eDCC12,175013.115,2168698.53,1579892.17,7534360.86,351151.994,0.000127427,1997.698651
eDCC12,180160.56,2086428.43,1535024.34,6892477.71,316132.438,0.000127427,1997.042729
eDCC12,185308.004,2040363.74,1488766.38,6965897.15,309302.299,0.000127427,1996.386807
eDCC12,190455.449,1996702.09,1457978.6,6728301.63,303914.529,0.000127427,1995.730885
eDCC12,195602.893,1934779.4,1397428.7,6571165.62,287104.221,0.000127427,1995.074963
eDCC12,200750.338,1887826.37,1352363.98,6497046.72,271101.223,0.000127427,1994.419041
eDCC12,205897.783,1842372.48,1306787.62,6368703.54,257566.505,0.000127427,1993.763119
eDCC12,211045.227,1817454.67,1281052.65,6401213.56,252367.929,0.000127427,1993.107197
eDCC12,216192.672,1773969.11,1249785.78,6301775.31,246980.146,0.000127427,1992.451275
eDCC12,221340.116,1743741.12,1216295.05,6085026.4,236272.671,0.000127427,1991.795353
eDCC12,226487.561,1708591.04,1180694.04,5913416.95,224719.298,0.000127427,1991.13943
eDCC12,231635.005,1677578.07,1145554.26,5913416.95,210871.815,0.000127427,1990.483509
eDCC12,236782.45,1635527.45,1099755.78,5751850.33,206464.855,0.000127427,1989.827586
eDCC12,241929.894,1580168.33,1067532.89,5661928.47,196401.411,0.000127427,1989.171664
eDCC12,247077.339,1547812.54,1015668.31,5591457.5,186299.197,0.000127427,1988.515742
eDCC12,252224.784,1515637.61,994274.152,5483673.21,178565.583,0.000127427,1987.85982
eDCC12,257372.228,1482482.84,959570.262,5483673.21,167042.808,0.000127427,1987.203898
eDCC12,262519.673,1451471.24,937822.141,5324137.8,161489.891,0.000127427,1986.547976
eDCC12,267667.117,1414944.97,907095.338,5324137.8,143997.286,0.000127427,1985.892054
eDCC12,272814.562,1399094.29,879191.993,5315769.93,136800.827,0.000127427,1985.236132
eDCC12,277962.006,1357415.86,845579.809,5266183.38,130879.435,0.000127427,1984.58021
eDCC12,283109.451,1332716.16,829034.66,5235242,123103.389,0.000127427,1983.924288
eDCC12,288256.896,1297383.72,817207.796,5094050.2,119135.501,0.000127427,1983.268366
eDCC12,293404.34,1259185.16,796000.578,4925699.53,117397.998,0.000127427,1982.612444
eDCC12,298551.785,1231951.72,769051.563,4891211.18,112652.212,0.000127427,1981.956522
eDCC12,303699.229,1195221.84,751858.48,4891211.18,108083.278,0.000127427,1981.3006
eDCC12,308846.674,1175518.13,738870.177,4891211.18,105818.053,0.000127427,1980.644678
eDCC12,313994.118,1143385.82,719054.857,4846870.06,102874.154,0.000127427,1979.988756
eDCC12,319141.563,1113024.63,693565.658,4751240.82,100657.283,0.000127427,1979.332834
eDCC12,324289.007,1091198.11,669038.327,4557862.27,98134.7135,0.000127427,1978.676912
eDCC12,329436.452,1066937.2,651400.336,4333737.8,97475.6343,0.000127427,1978.02099
eDCC12,334583.897,1048981.79,635962.722,4295425.17,94482.6952,0.000127427,1977.365068
eDCC12,339731.341,1023181.62,622915.654,4220652.99,92969.9244,0.000127427,1976.709146
eDCC12,344878.786,997840.935,606491.262,4133032.67,90368.9273,0.000127427,1976.053224
eDCC12,350026.23,974816.562,591705.509,4072390.7,91136.0966,0.000127427,1975.397302
eDCC12,355173.675,953774.517,583207.232,4059652.69,90124.2944,0.000127427,1974.74138
eDCC12,360321.119,932628.109,560082.144,3983635.82,89017.0042,0.000127427,1974.085458
eDCC12,365468.564,910987.74,550713.03,3885073.73,90112.1425,0.000127427,1973.429536
eDCC12,370616.009,893944.914,528110.657,3921913.9,89670.8014,0.000127427,1972.773614
eDCC12,375763.453,873244.976,515971.227,3805854.81,89024.2727,0.000127427,1972.117692
eDCC12,380910.898,855784.736,507731.802,3800997.31,87365.1324,0.000127427,1971.461769
eDCC12,386058.342,840540.972,499484.484,3616917.25,87734.8597,0.000127427,1970.805847
eDCC12,391205.787,821411.166,485173.62,3583181.56,87661.2574,0.000127427,1970.149925
eDCC13,0,379747.817,197201.469,1807161.24,27669.7417,0.000122909,2020
eDCC13,7637.11118,1330032.92,1069844.26,3653714.45,311317.316,0.000122909,2019.061327
eDCC13,15274.2224,2414087.28,2158903.77,5514548.02,794790.372,0.000122909,2018.122655
eDCC13,22911.3335,2869384.56,2562094.81,6408673.93,1105715.46,0.000122909,2017.183982
eDCC13,30548.4447,3137829.97,2758541.04,6997962.1,1209344.47,0.000122909,2016.245309
eDCC13,38185.5559,3252825.5,2847347.51,7343880.83,1223336.21,0.000122909,2015.306637
eDCC13,45822.6671,3288994.58,2887327.86,7462586.07,1153939.71,0.000122909,2014.367964
eDCC13,53459.7783,3260748.72,2858721.45,7648475.61,845384.321,0.000122909,2013.429291
eDCC13,61096.8895,3175911.24,2780945.4,8079567.74,536626.627,0.000122909,2012.490619
eDCC13,68734.0006,2967386.82,2606350.77,8079567.74,416825.045,0.000122909,2011.551946
eDCC13,76371.1118,2733092.08,2252490.93,8305284.31,407212.347,0.000122909,2010.613273
eDCC13,84008.223,2517298.17,1746674.34,8097584.03,391252.717,0.000122909,2009.674601
eDCC13,91645.3342,2346849.51,1336401.12,8079567.74,371457.963,0.000122909,2008.735928
eDCC13,99282.4454,2176598.14,1151908.59,8007336.23,405838.616,0.000122909,2007.797255
eDCC13,106919.557,2000764.77,1051920.66,7955581.85,417948.974,0.000122909,2006.858583
eDCC13,114556.668,1832006.65,1019704.07,7252169.39,438228.207,0.000122909,2005.91991
eDCC13,122193.779,1686708.05,1002066.89,6827282.3,448423.591,0.000122909,2004.981237
eDCC13,129830.89,1552804.78,983896.248,6581292.58,448593.446,0.000122909,2004.042565
eDCC13,137468.001,1471779.26,979230.854,6505537.12,449666.324,0.000122909,2003.103892
eDCC13,145105.112,1374501.13,970453.918,5680214.68,453933.038,0.000122909,2002.16522
eDCC13,152742.224,1294196.36,967120.502,4948644.72,452170.7,0.000122909,2001.226547
eDCC13,160379.335,1235174.16,962615.595,4312149.44,448593.446,0.000122909,2000.287874
eDCC13,168016.446,1180904.09,958341.38,3514630.68,448593.446,0.000122909,1999.349202
eDCC13,175653.557,1139227.05,959592.302,3022307.56,453598.858,0.000122909,1998.410529
eDCC13,183290.668,1112889.04,958341.38,2780329.26,451750.145,0.000122909,1997.471856
eDCC13,190927.78,1098642.89,951940.448,2682228.84,451750.145,0.000122909,1996.533183
eDCC13,198564.891,1085366.88,950521.589,2617417.66,453598.858,0.000122909,1995.594511
eDCC13,206202.002,1079271.9,944586.389,2617417.66,455080.234,0.000122909,1994.655838
eDCC13,213839.113,1074105.11,942916.055,2545929.62,453933.038,0.000122909,1993.717166
eDCC13,221476.224,1071120.07,943138.993,2518737.09,449124.363,0.000122909,1992.778493
eDCC13,229113.335,1073473.25,943138.993,2518737.09,449124.363,0.000122909,1991.83982
eDCC13,236750.447,1070419.72,942653.905,2458921.49,449124.363,0.000122909,1990.901148
eDCC13,244387.558,1066369.75,939793.758,2413294.99,449666.324,0.000122909,1989.962475
eDCC13,252024.669,1064154.2,937144.215,2402918.2,448423.591,0.000122909,1989.023802
eDCC13,259661.78,1060186.12,935743.372,2387432.78,447499.566,0.000122909,1988.08513
eDCC13,267298.891,1056391.4,931766.644,2368741.49,446560.99,0.000122909,1987.146457
eDCC13,274936.003,1053154.29,928735.093,2348736.3,443977.361,0.000122909,1986.207784
eDCC13,282573.114,1049660.15,928561.057,2305047.88,441770.169,0.000122909,1985.269112
eDCC13,290210.225,1048178.98,928535.028,2305047.88,434440.07,0.000122909,1984.330439
eDCC13,297847.336,1047024.82,926682.513,2294856.72,434922.706,0.000122909,1983.391766
eDCC13,305484.447,1046650.2,927761.493,2306604.85,434922.706,0.000122909,1982.453094
eDCC13,313121.558,1044567.44,926160.748,2298383.79,432687.72,0.000122909,1981.514421
eDCC13,320758.67,1043966.65,925491.717,2306604.85,431346.84,0.000122909,1980.575748
eDCC13,328395.781,1043103.64,924956.514,2318378.06,429734.246,0.000122909,1979.637076
eDCC13,336032.892,1042694.25,923422.118,2326504.29,424463.596,0.000122909,1978.698403
eDCC13,343670.003,1042280.83,924498.395,2306604.85,426213.824,0.000122909,1977.75973
eDCC13,351307.114,1043790.69,923422.118,2326504.29,424463.596,0.000122909,1976.821058
eDCC13,358944.226,1040292.31,922388.416,2306604.85,416887.465,0.000122909,1975.882385
eDCC13,366581.337,1038784.58,920189.643,2306604.85,416394.424,0.000122909,1974.943712
eDCC13,374218.448,1039593.54,920189.643,2304515.41,415643.557,0.000122909,1974.00504
eDCC13,381855.559,1038874.41,919207.323,2304515.41,415104.066,0.000122909,1973.066367
eDCC13,389492.67,1038183.05,917905.767,2306604.85,414931.831,0.000122909,1972.127694
eDCC13,397129.781,1036682.01,917573.086,2304515.41,410902.401,0.000122909,1971.189022
eDCC13,404766.893,1035393.77,917573.086,2304515.41,409950.055,0.000122909,1970.250349
eDCC13,412404.004,1034534.52,917489.64,2298383.79,409950.055,0.000122909,1969.311676
eDCC13,420041.115,1034087.7,917489.64,2298383.79,409250.402,0.000122909,1968.373004
eDCC13,427678.226,1035876.79,917489.64,2304515.41,409250.402,0.000122909,1967.434331
eDCC13,435315.337,1036082.28,916718.815,2306604.85,409950.055,0.000122909,1966.495659
eDCC13,442952.449,1035773.23,914392.156,2318378.06,409250.402,0.000122909,1965.556986
eDCC13,450589.56,1034039.27,913009.256,2318378.06,409031.086,0.000122909,1964.618313
eDCC13,458226.671,1034335.31,911540.684,2318378.06,409031.086,0.000122909,1963.679641
eDCC13,465863.782,1035724.08,913259.96,2326504.29,409031.086,0.000122909,1962.740968
eDCC13,473500.893,1035758.95,911595.731,2326504.29,404191.22,0.000122909,1961.802295
eDCC13,481138.004,1035218.86,911540.684,2318378.06,404191.22,0.000122909,1960.863623
eDCC13,488775.116,1034999.28,911595.731,2318378.06,402944.382,0.000122909,1959.92495
eDCC13,496412.227,1036863.08,911540.684,2341280.42,401471.523,0.000122909,1958.986277
eDCC13,504049.338,1036556.35,911203.661,2348736.3,395918.532,0.000122909,1958.047605
eDCC13,511686.449,1034473.6,910681.949,2348736.3,395225.772,0.000122909,1957.108932
eDCC13,519323.56,1033135.83,910085.367,2348736.3,394938.663,0.000122909,1956.170259
eDCC13,526960.672,1033423.71,909787.49,2368741.49,387751.211,0.000122909,1955.231587
eDCC13,534597.783,1033101.37,909519.231,2388857.74,381492.264,0.000122909,1954.292914
eDCC13,542234.894,1030847,906993.39,2388857.74,378083.286,0.000122909,1953.354241
eDCC13,549872.005,1031020.33,906993.39,2388857.74,373181.848,0.000122909,1952.415569
eDCC13,557509.116,1030344.84,906599.24,2368741.49,364986.745,0.000122909,1951.476896
eDCC13,565146.227,1030808.62,906599.24,2388857.74,364986.745,0.000122909,1950.538223
eDCC13,572783.339,1030345.2,906993.39,2388857.74,358681.101,0.000122909,1949.599551
eDCC13,580420.45,1030173.71,906599.24,2388857.74,350195.597,0.000122909,1948.660878
eDCC13,588057.561,963663.258,855876.289,2388857.74,343198.116,0.000122909,1947.722205
eDCC13,595694.672,937792.083,858058.054,2388857.74,333137.913,0.000122909,1946.783533
eDCC13,603331.783,909772.93,854835.742,2390864.13,326112.021,0.000122909,1945.84486
eDCC13,610968.895,884701.802,850317.285,2396660.07,323704.673,0.000122909,1944.906187
eDCC13,618606.006,868799.052,847617.318,2390864.13,323704.673,0.000122909,1943.967515
eDCC13,626243.117,840065.149,846578.7,2388857.74,318978.566,0.000122909,1943.028842
eDCC13,633880.228,818375.189,843879.127,2388857.74,308853.443,0.000122909,1942.090169
eDCC13,641517.339,795792.359,841460.315,2390864.13,297554.143,0.000122909,1941.151497
eDCC13,649154.45,767678.372,840398.59,2396660.07,296196.339,0.000122909,1940.212824
eDCC13,656791.562,746340.853,840015.562,2396660.07,287356.253,0.000122909,1939.274151
eDCC13,664428.673,725100.213,837308.263,2396660.07,285581.578,0.000122909,1938.335479
eDCC13,672065.784,707953.234,834052.064,2390864.13,282005.679,0.000122909,1937.396806
eDCC13,679702.895,688138.786,831924.669,2390864.13,276473.982,0.000122909,1936.458133
eDCC13,687340.006,659214.765,830816.235,2390864.13,264753.957,0.000122909,1935.519461
eDCC13,694977.118,637027.709,830272.402,2368741.49,262955.042,0.000122909,1934.580788
eDCC13,702614.229,624356.281,829390.037,2390864.13,262245.434,0.000122909,1933.642115
eDCC13,710251.34,614945.09,829135.994,2390864.13,255055.011,0.000122909,1932.703443
eDCC13,717888.451,594782.931,828532.178,2388857.74,245053.385,0.000122909,1931.76477
eDCC13,725525.562,580203.083,828145.265,2388857.74,239188.567,0.000122909,1930.826098
eDCC13,733162.673,563420.843,828393.713,2388857.74,231658.318,0.000122909,1929.887425
eDCC13,740799.785,552406.674,826817.584,2390864.13,228302.027,0.000122909,1928.948752
eDCC13,748436.896,537859.215,826070.977,2397996.19,226847.62,0.000122909,1928.010079
eDCC13,756074.007,513032.333,825565.798,2397996.19,221620.921,0.000122909,1927.071407
eDCC14,0,193686.095,115331.057,841278.938,15428.2222,0.000132885,2020
eDCC14,4865.69627,737840.847,564882.446,2381303.54,173728.865,0.000132885,2019.353421
eDCC14,9731.39254,1414727.48,1123163.95,4060813.6,368938.688,0.000132885,2018.706842
eDCC14,14597.0888,1960807.58,1663398.14,5211772,528535.615,0.000132885,2018.060263
eDCC14,19462.7851,2394014.58,2072195.26,6022666.39,708539.764,0.000132885,2017.413684
eDCC14,24328.4813,2755884.22,2397033.7,6612813.89,827139.864,0.000132885,2016.767105
eDCC14,29194.1776,3007353.53,2630175.18,6947956.07,991574.43,0.000132885,2016.120526
eDCC14,34059.8739,3199105.2,2838864.51,7556846.26,1134796.25,0.000132885,2015.473947
eDCC14,38925.5701,3353586.71,2942896.13,7924016.55,1232965.13,0.000132885,2014.827368
eDCC14,43791.2664,3461545.25,3026741.45,8189368.31,1327912.13,0.000132885,2014.180789
eDCC14,48656.9627,3538256.47,3080225.33,8279089.1,1346496.65,0.000132885,2013.53421
eDCC14,53522.6589,3600548.4,3148588.46,8346218.4,1354680.23,0.000132885,2012.887631
eDCC14,58388.3552,3677398.08,3204152.98,8559530.2,1389575.63,0.000132885,2012.241052
eDCC14,63254.0515,3745005.03,3246431.73,8818322.46,1394331.38,0.000132885,2011.594473
eDCC14,68119.7478,3764295.22,3255259.97,9007855,1394331.38,0.000132885,2010.947895
eDCC14,72985.444,3810862.1,3275092.85,9053202.41,1395915.19,0.000132885,2010.301316
eDCC14,77851.1403,3841505.35,3303017.47,9122460.62,1406290,0.000132885,2009.654737
eDCC14,82716.8366,3861938.27,3312163.01,9198139.15,1395915.19,0.000132885,2009.008158
eDCC14,87582.5328,3869240.28,3314731.66,9281971.13,1388218.29,0.000132885,2008.361579
eDCC14,92448.2291,3875847.65,3317725.14,9372487.03,1370785.05,0.000132885,2007.715
eDCC14,97313.9254,3884654.07,3306565.91,9424443.29,1325344.62,0.000132885,2007.068421
eDCC14,102179.622,3876501.51,3312591.78,9418688.4,1264835.26,0.000132885,2006.421842
eDCC14,107045.318,3875962.69,3315080.51,9424443.29,1211455.68,0.000132885,2005.775263
eDCC14,111911.014,3836928.74,3288230.52,9418688.4,1106850.26,0.000132885,2005.128684
eDCC14,116776.71,3816984.97,3273946.37,9424443.29,1003615.43,0.000132885,2004.482105
eDCC14,121642.407,3786991.2,3245913.97,9418688.4,901905.88,0.000132885,2003.835526
eDCC14,126508.103,3756183.45,3235467.69,9424443.29,811569.274,0.000132885,2003.188947
eDCC14,131373.799,3699031.04,3164646.08,9411567.37,757838.563,0.000132885,2002.542368
eDCC14,136239.496,3645581.74,3103165.77,9411567.37,731674.759,0.000132885,2001.895789
eDCC14,141105.192,3582565.65,3029711.35,9399081.76,657190.442,0.000132885,2001.24921
eDCC14,145970.888,3508808.66,2965955.58,9399081.76,631571.935,0.000132885,2000.602631
eDCC14,150836.584,3458370.2,2918142.38,9411567.37,590403.768,0.000132885,1999.956052
eDCC14,155702.281,3404773.56,2845893.01,9424443.29,557321.28,0.000132885,1999.309473
eDCC14,160567.977,3365988.59,2780592.09,9481704.66,525082.583,0.000132885,1998.662894
eDCC14,165433.673,3316181.28,2712102.56,9424443.29,497785.776,0.000132885,1998.016315
eDCC14,170299.369,3257864.14,2644512.97,9418688.4,477528.968,0.000132885,1997.369736
eDCC14,175165.066,3220192.47,2575276.97,9467575.88,437685.402,0.000132885,1996.723157
eDCC14,180030.762,3152451.93,2512102.94,9411567.37,372919.261,0.000132885,1996.076578
eDCC14,184896.458,3072603.27,2406270.14,9411521.13,318246.253,0.000132885,1995.429999
eDCC14,189762.154,3008484.63,2342551.37,9328539.69,248617.045,0.000132885,1994.783421
eDCC14,194627.851,2926717.39,2244463.82,9298923.19,224319.402,0.000132885,1994.136841
eDCC14,199493.547,2850792.9,2138656.88,9261483.48,195494.718,0.000132885,1993.490263
eDCC14,204359.243,2765107.04,2047682.75,9239625.45,175190.403,0.000132885,1992.843684
eDCC14,209224.94,2670488.38,1990171.91,9075270.5,160501.916,0.000132885,1992.197105
eDCC14,214090.636,2611944.2,1926428.96,9063376.19,151916.269,0.000132885,1991.550526
eDCC14,218956.332,2548953.19,1833499.36,9053202.41,148428.793,0.000132885,1990.903947
eDCC14,223822.028,2472611.33,1746098.06,9025212.89,140324.608,0.000132885,1990.257368
eDCC14,228687.725,2388810.62,1635225.71,8974736.11,131933.018,0.000132885,1989.610789
eDCC14,233553.421,2298260.43,1501440.6,8807333.05,128814.527,0.000132885,1988.96421
eDCC14,238419.117,2217573.81,1398952.4,8812514,127659.286,0.000132885,1988.317631
eDCC14,243284.813,2147902.74,1317103.9,8713470.69,126229.381,0.000132885,1987.671052
eDCC14,248150.51,2085136.24,1210719.02,8693402.91,124063.684,0.000132885,1987.024473
eDCC14,253016.206,2024722.17,1121024.77,8435122.8,124865.837,0.000132885,1986.377894
eDCC14,257881.902,1954285.2,1016288.25,8189368.31,125462.012,0.000132885,1985.731315
eDCC14,262747.598,1889716.49,916156.089,8027952.79,123672.326,0.000132885,1985.084736
eDCC14,267613.295,1832209.53,840989.977,7826871.09,123118.253,0.000132885,1984.438157
eDCC14,272478.991,1778985.72,746388.188,7733622.99,123672.326,0.000132885,1983.791578
eDCC14,277344.687,1734373.02,683387.696,7608640.31,123498.71,0.000132885,1983.144999
eDCC14,282210.384,1679925.8,622449.257,7490574.55,121723.86,0.000132885,1982.49842
eDCC14,287076.08,1624651.6,564066.143,7324881.58,119278.932,0.000132885,1981.851841
eDCC14,291941.776,1590483.32,531501.652,7295572.65,117642.062,0.000132885,1981.205262
eDCC14,296807.472,1534050.46,504238.188,7149950.17,117546.307,0.000132885,1980.558683
eDCC14,301673.169,1493455.16,479310.698,7149950.17,119473.934,0.000132885,1979.912104
eDCC14,306538.865,1453353.95,458751.322,7068750.66,117546.307,0.000132885,1979.265525
eDCC14,311404.561,1384577.44,445080.603,6862631.41,117231.755,0.000132885,1978.618946
eDCC14,316270.257,1344720.97,427141.486,6843905.71,116051.557,0.000132885,1977.972368
eDCC14,321135.954,1319888.14,412906.559,6841290.46,115713.81,0.000132885,1977.325788
eDCC14,326001.65,1272516.46,399475.831,6665198.83,114382.915,0.000132885,1976.67921
eDCC14,330867.346,1244453.54,391181.245,6612604.93,114526.18,0.000132885,1976.032631
eDCC14,335733.042,1205486.75,385918.477,6583066.89,113031.184,0.000132885,1975.386052
eDCC14,340598.739,1171312.66,373463.69,6558727.76,113031.184,0.000132885,1974.739473
eDCC14,345464.435,1132288.02,367167.27,6254469.14,112123.718,0.000132885,1974.092894
eDCC14,350330.131,1109091.25,364092.359,6219615.09,113523.501,0.000132885,1973.446315
eDCC14,355195.828,1078845.68,358332.156,6138198.36,112123.718,0.000132885,1972.799736
eDCC14,360061.524,1051996.72,351754.423,6115910.54,111811.458,0.000132885,1972.153157
eDCC14,364927.22,1022289.62,348735.596,6044016.98,110135.693,0.000132885,1971.506578
eDCC14,369792.916,983131.258,345876.289,5583394.37,108890.893,0.000132885,1970.859999
eDCC14,374658.613,957260.083,348058.054,5498906.85,108890.893,0.000132885,1970.21342
eDCC14,379524.309,929240.93,344835.742,5300987.39,107888.187,0.000132885,1969.566841
eDCC14,384390.005,904169.802,340317.285,5169521.26,107888.187,0.000132885,1968.920262
eDCC14,389255.701,888267.052,337617.318,5107100.5,107243.121,0.000132885,1968.273683
eDCC14,394121.398,859533.149,336578.7,5011522.73,106721.456,0.000132885,1967.627104
eDCC14,398987.094,837843.189,333879.127,4999246.71,105164.041,0.000132885,1966.980525
eDCC14,403852.79,815260.359,331460.315,4867980.11,103056.366,0.000132885,1966.333946
eDCC14,408718.487,787146.372,330398.59,4802159.3,103020.856,0.000132885,1965.687367
eDCC14,413584.183,765808.853,330015.562,4688947.41,103685.097,0.000132885,1965.040788
eDCC14,418449.879,744568.213,327308.263,4471691.67,103020.856,0.000132885,1964.394209
eDCC14,423315.575,727421.234,324052.064,4450548.8,102465.698,0.000132885,1963.74763
eDCC14,428181.272,707606.786,321924.669,4304052.21,102465.698,0.000132885,1963.101051
eDCC14,433046.968,678682.765,320816.235,4093644.97,101319.922,0.000132885,1962.454472
eDCC14,437912.664,656495.709,320272.402,4000306.58,102051.056,0.000132885,1961.807893
eDCC14,442778.36,643824.281,319390.037,3922954.3,101808.841,0.000132885,1961.161314
eDCC14,447644.057,634413.09,319135.994,3826005.59,101319.922,0.000132885,1960.514735
eDCC14,452509.753,614250.931,318532.178,3761443.22,101319.922,0.000132885,1959.868157
eDCC14,457375.449,599671.083,318145.265,3589562.28,101017.863,0.000132885,1959.221578
eDCC14,462241.145,582888.843,318393.713,3296578.75,101017.863,0.000132885,1958.574999
eDCC14,467106.842,571874.674,316817.584,3237184.46,100682.544,0.000132885,1957.92842
eDCC14,471972.538,557327.215,316070.977,3078681.42,100682.544,0.000132885,1957.281841
eDCC14,476838.234,532500.333,315565.798,2801456.82,100682.544,0.000132885,1956.635262
eDCC14,481703.931,NaN,NaN,NaN,NaN,0.000132885,1955.988683
eDCC30,0,1.81E+07,1.24E+07,7.00E+07,4021232.86,6.87013E-05,2020
eDCC30,2961.62319,1.81E+07,1.24E+07,6.96E+07,4031632.58,6.87013E-05,2019.796533
eDCC30,5923.24638,1.80E+07,1.24E+07,6.88E+07,4075069.42,6.87013E-05,2019.593065
eDCC30,8884.86958,1.78E+07,1.23E+07,6.68E+07,4068391.43,6.87013E-05,2019.389598
eDCC30,11846.4928,1.75E+07,1.20E+07,6.64E+07,3980941.21,6.87013E-05,2019.186131
eDCC30,14808.116,1.73E+07,1.18E+07,6.64E+07,3979412.39,6.87013E-05,2018.982663
eDCC30,17769.7392,1.70E+07,1.17E+07,6.44E+07,3712773.76,6.87013E-05,2018.779196
eDCC30,20731.3623,1.66E+07,1.14E+07,6.40E+07,3457342.37,6.87013E-05,2018.575728
eDCC30,23692.9855,1.60E+07,1.13E+07,5.96E+07,3356729.64,6.87013E-05,2018.372261
eDCC30,26654.6087,1.53E+07,1.10E+07,5.47E+07,2993760.4,6.87013E-05,2018.168794
eDCC30,29616.2319,1.49E+07,1.08E+07,5.26E+07,2630594.1,6.87013E-05,2017.965326
eDCC30,32577.8551,1.41E+07,1.04E+07,4.80E+07,2157805.21,6.87013E-05,2017.761859
eDCC30,35539.4783,1.35E+07,1.01E+07,4.67E+07,1742333.58,6.87013E-05,2017.558392
eDCC30,38501.1015,1.32E+07,9962182.97,4.52E+07,1320999.24,6.87013E-05,2017.354924
eDCC30,41462.7247,1.27E+07,9519849.89,4.40E+07,895351.843,6.87013E-05,2017.151457
eDCC30,44424.3479,1.21E+07,9137215.04,4.27E+07,614414.778,6.87013E-05,2016.94799
eDCC30,47385.9711,1.13E+07,8572051.83,4.10E+07,447042.285,6.87013E-05,2016.744522
eDCC30,50347.5943,1.06E+07,7810701.29,4.05E+07,338296.271,6.87013E-05,2016.541055
eDCC30,53309.2175,9881900.18,7207824.47,3.91E+07,292672.079,6.87013E-05,2016.337587
eDCC30,56270.8407,9183631.33,6214238.94,3.68E+07,252406.433,6.87013E-05,2016.13412
eDCC30,59232.4638,8582333.12,5134328.15,3.62E+07,249246.579,6.87013E-05,2015.930653
eDCC30,62194.087,7970091.98,3916802.14,3.53E+07,270732.062,6.87013E-05,2015.727185
eDCC30,65155.7102,7465646.16,2651613.08,3.49E+07,263190.697,6.87013E-05,2015.523718
eDCC30,68117.3334,6953282.95,1897445.75,3.36E+07,270204.351,6.87013E-05,2015.320251
eDCC30,71078.9566,6543486.71,1584401.87,3.30E+07,281655.171,6.87013E-05,2015.116783
eDCC30,74040.5798,6066761.29,1494003.6,3.27E+07,299207.111,6.87013E-05,2014.913316
eDCC30,77002.203,5681796.3,1391757.84,3.10E+07,320418.079,6.87013E-05,2014.709849
eDCC30,79963.8262,5211398.01,1361799.97,2.95E+07,324751.424,6.87013E-05,2014.506381
eDCC30,82925.4494,4834661.72,1333839.12,2.81E+07,351436.159,6.87013E-05,2014.302914
eDCC30,85887.0726,4477526.3,1314415.4,2.69E+07,353747.907,6.87013E-05,2014.099446
eDCC30,88848.6958,4091823.61,1293892.64,2.55E+07,372653.157,6.87013E-05,2013.895979
eDCC30,91810.319,3776087.27,1279066.47,2.46E+07,368560.133,6.87013E-05,2013.692512
eDCC30,94771.9422,3556337.05,1273961.12,2.36E+07,420459.855,6.87013E-05,2013.489044
eDCC30,97733.5653,3373450.64,1291227.26,2.22E+07,420756.676,6.87013E-05,2013.285577
eDCC30,100695.189,3088052.07,1277079.61,2.01E+07,417227.114,6.87013E-05,2013.08211
eDCC30,103656.812,2875675.74,1288180.24,1.84E+07,397193.388,6.87013E-05,2012.878642
eDCC30,106618.435,2704274.05,1300215.14,1.77E+07,402234.965,6.87013E-05,2012.675175
eDCC30,109580.058,2592566.78,1312665.64,1.62E+07,412153.686,6.87013E-05,2012.471708
eDCC30,112541.681,2373096.93,1309708.57,1.35E+07,387999.254,6.87013E-05,2012.26824
eDCC30,115503.304,2260466.91,1312127.33,1.21E+07,219316.989,6.87013E-05,2012.064773
eDCC30,118464.928,2166464.56,1330257.71,9090529.55,123043.582,6.87013E-05,2011.861305
eDCC30,121426.551,2020111.81,1330729.77,7914597.65,68479.0385,6.87013E-05,2011.657838
eDCC30,124388.174,1874543.07,1323516.69,6255878.24,51196.5366,6.87013E-05,2011.454371
eDCC30,127349.797,1764317.74,1314415.4,5542036.47,38460.8228,6.87013E-05,2011.250903
eDCC30,130311.42,1664307.77,1305407.27,5220196.29,37603.9327,6.87013E-05,2011.047436
eDCC30,133273.044,1574548.14,1293205.37,4747017.31,34635.3411,6.87013E-05,2010.843969
eDCC30,136234.667,1469818.72,1269264.44,4305513.31,31996.1067,6.87013E-05,2010.640501
eDCC30,139196.29,1417584.65,1262879.41,4175781.36,30923.9265,6.87013E-05,2010.437034
eDCC30,142157.913,1380277.52,1244644.77,4150306.9,32422.5495,6.87013E-05,2010.233567
eDCC30,145119.536,1335058.05,1231424.46,4118093.76,32777.2042,6.87013E-05,2010.030099
eDCC30,148081.16,1305433.77,1206109.87,4090778.25,31203.8324,6.87013E-05,2009.826632
eDCC30,151042.783,1285111.65,1202603.88,4090778.25,29002.1899,6.87013E-05,2009.623164
eDCC30,154004.406,1252711.63,1167879.75,4066904.8,30741.819,6.87013E-05,2009.419697
eDCC30,156966.029,1237272.18,1142536.44,4136651.52,30741.819,6.87013E-05,2009.21623
eDCC30,159927.652,1205366.98,1094082.79,4118093.76,31307.237,6.87013E-05,2009.012762
eDCC30,162889.276,1188144.86,1053588.93,4174994.15,31328.9119,6.87013E-05,2008.809295
eDCC30,165850.899,1169970.64,1009454.37,4188165.82,31483.4923,6.87013E-05,2008.605828
eDCC30,168812.522,1144670.06,917816.353,4188165.82,31728.1389,6.87013E-05,2008.40236
eDCC30,171774.145,1120457.05,848023.111,4262414.76,32432.7742,6.87013E-05,2008.198893
eDCC30,174735.768,1089252.48,778229.869,4174994.15,33140.8135,6.87013E-05,2007.995426
eDCC30,177697.392,1074882.54,708436.627,4150306.9,33305.8769,6.87013E-05,2007.791958
eDCC30,180659.015,1060512.6,638643.385,4175703.42,32899.8391,6.87013E-05,2007.588491
eDCC30,183620.638,1046142.66,568850.143,4175781.36,32946.3272,6.87013E-05,2007.385023
eDCC30,186582.261,1031772.72,559056.901,4175703.42,33926.4003,6.87013E-05,2007.181556
eDCC30,189543.884,1017402.78,549263.659,4175703.42,34300.7509,6.87013E-05,2006.978089
eDCC30,192505.507,1003032.84,539470.417,4150306.9,33204.5329,6.87013E-05,2006.774621
eDCC30,195467.131,988662.9,529677.175,4118795.13,32970.5122,6.87013E-05,2006.571154
eDCC30,198428.754,974292.96,519883.933,4175703.42,32970.5122,6.87013E-05,2006.367687
eDCC30,201390.377,959923.02,510090.691,4188165.82,33386.5931,6.87013E-05,2006.164219
eDCC30,204352,945553.08,500297.449,4175703.42,32891.749,6.87013E-05,2005.960752
eDCC30,207313.623,931183.14,490504.207,4118093.76,33305.8769,6.87013E-05,2005.757285
eDCC30,210275.247,916813.2,480710.965,4064955.3,33782.0518,6.87013E-05,2005.553817
eDCC30,213236.87,902443.26,470917.723,4118093.76,33782.0518,6.87013E-05,2005.35035
eDCC30,216198.493,888073.32,461124.481,4104698.93,34598.9546,6.87013E-05,2005.146882
eDCC30,219160.116,873703.38,451331.239,4009622.69,34598.9546,6.87013E-05,2004.943415
eDCC30,222121.739,859333.44,441537.997,4009622.69,35108.1635,6.87013E-05,2004.739948
eDCC30,225083.363,844963.5,431744.755,3944361.35,34598.9546,6.87013E-05,2004.53648
eDCC30,228044.986,830593.56,421951.513,3940148.32,34361.8564,6.87013E-05,2004.333013
eDCC30,231006.609,816223.62,412158.271,3927679,34323.561,6.87013E-05,2004.129546
eDCC30,233968.232,801853.68,402365.029,3835601.65,33776.5617,6.87013E-05,2003.926078
eDCC30,236929.855,787483.74,392571.787,3833652.79,33776.5617,6.87013E-05,2003.722611
eDCC30,239891.479,773113.8,390778.545,3833652.79,33776.5617,6.87013E-05,2003.519144
eDCC30,242853.102,758743.86,388985.303,3827112.68,35692.3559,6.87013E-05,2003.315676
eDCC30,245814.725,744373.92,387192.061,3679702.77,35729.3076,6.87013E-05,2003.112209
eDCC30,248776.348,730003.98,385398.819,3639924.51,35589.3942,6.87013E-05,2002.908741
eDCC30,251737.971,715634.04,383605.577,3602237.72,35712.6682,6.87013E-05,2002.705274
eDCC30,254699.595,701264.1,381812.335,3569551.45,35712.6682,6.87013E-05,2002.501807
eDCC30,257661.218,686894.16,380019.093,3504640.3,36348.0603,6.87013E-05,2002.298339
eDCC30,260622.841,672524.22,378225.851,3504640.3,35844.4004,6.87013E-05,2002.094872
eDCC30,263584.464,658154.28,376432.609,3455050.19,36348.0603,6.87013E-05,2001.891405
eDCC30,266546.087,643784.34,374639.367,3455050.19,35844.4004,6.87013E-05,2001.687937
eDCC30,269507.71,629414.4,372846.125,3373163.12,36245.3536,6.87013E-05,2001.48447
eDCC30,272469.334,615044.46,371052.883,3335685.46,35844.4004,6.87013E-05,2001.281003
eDCC30,275430.957,600674.52,369259.641,3331448.29,36352.4069,6.87013E-05,2001.077535
eDCC30,278392.58,586304.58,367466.399,3269427.47,36348.0603,6.87013E-05,2000.874068
eDCC30,281354.203,571934.64,365673.157,3256610.89,35712.6682,6.87013E-05,2000.6706
eDCC30,284315.826,557564.7,363879.915,3205100.51,35844.4004,6.87013E-05,2000.467133
eDCC30,287277.45,543194.76,362086.673,3064935.32,36348.0603,6.87013E-05,2000.263666
eDCC30,290239.073,528824.82,360293.431,2894970.76,36245.3536,6.87013E-05,2000.060198
eDCC30,293200.696,NaN,NaN,NaN,NaN,6.87013E-05,1999.856731
